id,name,longName,displayName,displayCode,x,y,LaneType,LaneName,LaneShort
100,소요산,소요산역 1호선,소요산역,100,127.0610492,37.9487472,1,1호선,1호선
101,동두천,동두천역 1호선,동두천역,101,127.0548497,37.9275741,1,1호선,1호선
102,보산,보산역 1호선,보산역,102,127.0571632,37.9142651,1,1호선,1호선
103,동두천중앙,동두천중앙역 1호선,동두천중앙역,103,127.0564208,37.901682,1,1호선,1호선
104,지행,지행역 1호선,지행역,104,127.0557513,37.8923698,1,1호선,1호선
105,덕정,덕정역 1호선,덕정역,105,127.0615286,37.8432232,1,1호선,1호선
106,덕계,덕계역 1호선,덕계역,106,127.0567095,37.8187684,1,1호선,1호선
107,양주,양주역 1호선,양주역,107,127.0447222,37.7742902,1,1호선,1호선
108,녹양,녹양역 1호선,녹양역,108,127.0422889,37.7594386,1,1호선,1호선
110,가능,가능역 1호선,가능역,109,127.044272,37.7483704,1,1호선,1호선
111,의정부,의정부역 1호선,의정부역,110,127.0461031,37.7377829,1,1호선,1호선
112,회룡,회룡역 1호선,회룡역,111,127.0473391,37.7240454,1,1호선,1호선
113,망월사,망월사역 1호선,망월사역,112,127.047364,37.7105024,1,1호선,1호선
114,도봉산,도봉산역 1호선,도봉산역,113,127.046063,37.6895524,1,1호선,1호선
115,도봉,도봉역 1호선,도봉역,114,127.0454881,37.67912,1,1호선,1호선
116,방학,방학역 1호선,방학역,115,127.0443571,37.6674005,1,1호선,1호선
117,창동,창동역 1호선,창동역,116,127.0479449,37.6527595,1,1호선,1호선
118,녹천,녹천역 1호선,녹천역,117,127.0514262,37.6446076,1,1호선,1호선
119,월계,월계역 1호선,월계역,118,127.0588579,37.6331217,1,1호선,1호선
120,광운대,광운대역 1호선,광운대역,119,127.0617819,37.62368,1,1호선,1호선
121,석계,석계역 1호선,석계역,120,127.0656829,37.6150489,1,1호선,1호선
122,신이문,신이문역 1호선,신이문역,121,127.0673912,37.6018093,1,1호선,1호선
123,외대앞,외대앞역 1호선,외대앞역,122,127.0636088,37.5961565,1,1호선,1호선
124,회기,회기역 1호선,회기역,123,127.0578003,37.5896861,1,1호선,1호선
125,청량리,청량리역 1호선,청량리역,124,127.0452708,37.5802055,1,1호선,1호선
126,제기동,제기동역 1호선,제기동역,125,127.0346952,37.5781798,1,1호선,1호선
127,신설동,신설동역 1호선,신설동역,126,127.0243812,37.5759889,1,1호선,1호선
128,동대문,동대문역 1호선,동대문역,128,127.0106727,37.5716881,1,1호선,1호선
129,종로5가,종로5가역 1호선,종로5가역,129,127.0019483,37.5709993,1,1호선,1호선
130,종로3가,종로3가역 1호선,종로3가역,130,126.9921477,37.570436,1,1호선,1호선
131,종각,종각역 1호선,종각역,131,126.983197,37.5701764,1,1호선,1호선
132,시청,시청역 1호선,시청역,132,126.9771405,37.5653656,1,1호선,1호선
133,서울역,서울역 1호선,서울역,133,126.9723173,37.555946,1,1호선,1호선
134,남영,남영역 1호선,남영역,134,126.9713158,37.5406056,1,1호선,1호선
135,용산,용산역 1호선,용산역,135,126.9644282,37.5296794,1,1호선,1호선
136,노량진,노량진역 1호선,노량진역,136,126.9416726,37.5140823,1,1호선,1호선
137,대방,대방역 1호선,대방역,137,126.9264239,37.5134021,1,1호선,1호선
138,신길,신길역 1호선,신길역,138,126.9186529,37.5168369,1,1호선,1호선
139,영등포,영등포역 1호선,영등포역,139,126.9076047,37.5158126,1,1호선,1호선
140,신도림,신도림역 1호선,신도림역,140,126.8915617,37.5090107,1,1호선,1호선
141,구로,구로역 1호선,구로역,141,126.8824085,37.5031569,1,1호선,1호선
142,구일,구일역 1호선,구일역,142,126.8695903,37.4962607,1,1호선,1호선
143,개봉,개봉역 1호선,개봉역,143,126.8591569,37.4945462,1,1호선,1호선
144,오류동,오류동역 1호선,오류동역,144,126.8447498,37.4944163,1,1호선,1호선
145,온수,온수역 1호선,온수역,145,126.8239577,37.4924185,1,1호선,1호선
146,역곡,역곡역 1호선,역곡역,146,126.8119814,37.4852794,1,1호선,1호선
147,소사,소사역 1호선,소사역,147,126.7957368,37.4827699,1,1호선,1호선
148,부천,부천역 1호선,부천역,148,126.7828035,37.4840866,1,1호선,1호선
149,중동,중동역 1호선,중동역,149,126.7642477,37.4867117,1,1호선,1호선
150,송내,송내역 1호선,송내역,150,126.7528537,37.487646,1,1호선,1호선
151,부개,부개역 1호선,부개역,151,126.7407068,37.4884743,1,1호선,1호선
152,부평,부평역 1호선,부평역,152,126.7245174,37.4894813,1,1호선,1호선
153,백운,백운역 1호선,백운역,153,126.7069848,37.4831587,1,1호선,1호선
154,동암,동암역 1호선,동암역,154,126.702898,37.4708816,1,1호선,1호선
155,간석,간석역 1호선,간석역,155,126.6934234,37.4647023,1,1호선,1호선
156,주안,주안역 1호선,주안역,156,126.6797087,37.4650741,1,1호선,1호선
157,도화,도화역 1호선,도화역,157,126.6686415,37.4661284,1,1호선,1호선
158,제물포,제물포역 1호선,제물포역,158,126.657523,37.4668232,1,1호선,1호선
159,도원,도원역 1호선,도원역,159,126.6426106,37.4687095,1,1호선,1호선
160,동인천,동인천역 1호선,동인천역,160,126.6326162,37.475431,1,1호선,1호선
161,인천,인천역 1호선,인천역,161,126.6169577,37.4763766,1,1호선,1호선
172,가산디지털단지,가산디지털단지역 1호선,가산디지털단지역,P142,126.882559,37.4816348,1,1호선,1호선
173,독산,독산역 1호선,독산역,P143,126.8893964,37.4661067,1,1호선,1호선
174,금천구청,금천구청역 1호선,금천구청역,P144,126.8940088,37.4556516,1,1호선,1호선
175,석수,석수역 1호선,석수역,P145,126.9022515,37.4351714,1,1호선,1호선
176,관악,관악역 1호선,관악역,P146,126.9084945,37.4195895,1,1호선,1호선
177,안양,안양역 1호선,안양역,P147,126.9226534,37.4019344,1,1호선,1호선
178,명학,명학역 1호선,명학역,P148,126.9355901,37.3844429,1,1호선,1호선
179,금정,금정역 1호선,금정역,P149,126.9432978,37.3723648,1,1호선,1호선
180,군포,군포역 1호선,군포역,P150,126.9485391,37.3540063,1,1호선,1호선
181,의왕,의왕역 1호선,의왕역,P152,126.9481135,37.32041,1,1호선,1호선
182,성균관대,성균관대역 1호선,성균관대역,P153,126.9711633,37.3003158,1,1호선,1호선
183,화서,화서역 1호선,화서역,P154,126.9895864,37.2839988,1,1호선,1호선
184,수원,수원역 1호선,수원역,P155,127.0000339,37.2662505,1,1호선,1호선
185,세류,세류역 1호선,세류역,P156,127.0137092,37.2441818,1,1호선,1호선
186,병점,병점역 1호선,병점역,P157,127.0332632,37.206849,1,1호선,1호선
187,세마,세마역 1호선,세마역,P158,127.0432867,37.1872948,1,1호선,1호선
188,오산대,오산대역 1호선,오산대역,P159,127.0631028,37.169296,1,1호선,1호선
189,오산,오산역 1호선,오산역,P160,127.0667065,37.1453975,1,1호선,1호선
190,진위,진위역 1호선,진위역,P161,127.0623535,37.1097791,1,1호선,1호선
191,청량리,청량리역 경의중앙선,청량리역,K117,127.0481155,37.5803033,104,경의중앙선,경의중앙
192,왕십리,왕십리역 경의중앙선,왕십리역,K116,127.0385273,37.5615074,104,경의중앙선,경의중앙
193,응봉,응봉역 경의중앙선,응봉역,K115,127.034487,37.5499582,104,경의중앙선,경의중앙
195,옥수,옥수역 경의중앙선,옥수역,K114,127.0186724,37.5404742,104,경의중앙선,경의중앙
196,한남,한남역 경의중앙선,한남역,K113,127.0090019,37.5293678,104,경의중앙선,경의중앙
197,서빙고,서빙고역 경의중앙선,서빙고역,K112,126.9883749,37.5196188,104,경의중앙선,경의중앙
198,이촌,이촌역 경의중앙선,이촌역,K111,126.9736508,37.5223792,104,경의중앙선,경의중앙
199,동묘앞,동묘앞역 1호선,동묘앞역,127,127.0165891,37.5732462,1,1호선,1호선
201,시청,시청역 2호선,시청역,201,126.975278,37.5635402,2,2호선,2호선
202,을지로입구,을지로입구역 2호선,을지로입구역,202,126.9822413,37.5660349,2,2호선,2호선
203,을지로3가,을지로3가역 2호선,을지로3가역,203,126.9910513,37.566288,2,2호선,2호선
204,을지로4가,을지로4가역 2호선,을지로4가역,204,126.9977332,37.5666212,2,2호선,2호선
205,동대문역사문화공원,동대문역사문화공원역 2호선,동대문역사문화공원역,205,127.0089225,37.5656726,2,2호선,2호선
206,신당,신당역 2호선,신당역,206,127.0194523,37.5656686,2,2호선,2호선
207,상왕십리,상왕십리역 2호선,상왕십리역,207,127.0294629,37.5643212,2,2호선,2호선
208,왕십리,왕십리역 2호선,왕십리역,208,127.0372542,37.5612277,2,2호선,2호선
209,한양대,한양대역 2호선,한양대역,209,127.0436383,37.5556316,2,2호선,2호선
210,뚝섬,뚝섬역 2호선,뚝섬역,210,127.0474048,37.5472059,2,2호선,2호선
211,성수,성수역 2호선,성수역,211,127.0559819,37.5445688,2,2호선,2호선
212,건대입구,건대입구역 2호선,건대입구역,212,127.0692761,37.5403719,2,2호선,2호선
213,구의,구의역 2호선,구의역,213,127.0861583,37.5371437,2,2호선,2호선
214,강변,강변역 2호선,강변역,214,127.0946953,37.5350976,2,2호선,2호선
215,잠실나루,잠실나루역 2호선,잠실나루역,215,127.103811,37.5206599,2,2호선,2호선
216,잠실,잠실역 2호선,잠실역,216,127.1001714,37.5133497,2,2호선,2호선
217,잠실새내,잠실새내역 2호선,잠실새내역,217,127.0856011,37.5116235,2,2호선,2호선
218,종합운동장,종합운동장역 2호선,종합운동장역,218,127.0736743,37.5110373,2,2호선,2호선
219,삼성,삼성역 2호선,삼성역,219,127.0631862,37.5088721,2,2호선,2호선
220,선릉,선릉역 2호선,선릉역,220,127.0492806,37.504585,2,2호선,2호선
221,역삼,역삼역 2호선,역삼역,221,127.0363766,37.5006431,2,2호선,2호선
222,강남,강남역 2호선,강남역,222,127.027619,37.4979518,2,2호선,2호선
223,교대,교대역 2호선,교대역,223,127.0143955,37.4939022,2,2호선,2호선
224,서초,서초역 2호선,서초역,224,127.0077018,37.4918518,2,2호선,2호선
225,방배,방배역 2호선,방배역,225,126.997667,37.4814956,2,2호선,2호선
226,사당,사당역 2호선,사당역,226,126.9813633,37.4765746,2,2호선,2호선
227,낙성대,낙성대역 2호선,낙성대역,227,126.9634281,37.4771195,2,2호선,2호선
228,서울대입구,서울대입구역 2호선,서울대입구역,228,126.9527295,37.4812072,2,2호선,2호선
229,봉천,봉천역 2호선,봉천역,229,126.9415857,37.4824773,2,2호선,2호선
230,신림,신림역 2호선,신림역,230,126.9296992,37.4842313,2,2호선,2호선
231,신대방,신대방역 2호선,신대방역,231,126.9133458,37.4875627,2,2호선,2호선
232,구로디지털단지,구로디지털단지역 2호선,구로디지털단지역,232,126.9015943,37.4852148,2,2호선,2호선
233,대림,대림역 2호선,대림역,233,126.8948904,37.4933931,2,2호선,2호선
234,신도림,신도림역 2호선,신도림역,234,126.8911141,37.5086564,2,2호선,2호선
235,문래,문래역 2호선,문래역,235,126.8948029,37.5180068,2,2호선,2호선
236,영등포구청,영등포구청역 2호선,영등포구청역,236,126.8965645,37.525469,2,2호선,2호선
237,당산,당산역 2호선,당산역,237,126.9026823,37.5348752,2,2호선,2호선
238,합정,합정역 2호선,합정역,238,126.9145231,37.5499346,2,2호선,2호선
239,홍대입구,홍대입구역 2호선,홍대입구역,239,126.9240194,37.5570156,2,2호선,2호선
240,신촌,신촌역 2호선,신촌역,240,126.9368495,37.5551833,2,2호선,2호선
241,이대,이대역 2호선,이대역,241,126.9462596,37.5567836,2,2호선,2호선
242,아현,아현역 2호선,아현역,242,126.956132,37.5573879,2,2호선,2호선
243,충정로,충정로역 2호선,충정로역,243,126.9643319,37.5596923,2,2호선,2호선
251,용답,용답역 2호선,용답역,211-1,127.0508534,37.5621786,2,2호선,2호선
252,신답,신답역 2호선,신답역,211-2,127.0470955,37.5698004,2,2호선,2호선
253,신설동,신설동역 2호선,신설동역,211-4,127.0252716,37.5746144,2,2호선,2호선
254,용두,용두역 2호선,용두역,211-3,127.0385474,37.5739644,2,2호선,2호선
261,도림천,도림천역 2호선,도림천역,234-1,126.8826425,37.5144737,2,2호선,2호선
262,양천구청,양천구청역 2호선,양천구청역,234-2,126.8656677,37.5123852,2,2호선,2호선
263,신정네거리,신정네거리역 2호선,신정네거리역,234-3,126.852868,37.5202337,2,2호선,2호선
264,까치산,까치산역 2호선,까치산역,234-4,126.8469288,37.5314047,2,2호선,2호선
310,대화,대화역 3호선,대화역,309,126.7474418,37.6761523,3,3호선,3호선
311,주엽,주엽역 3호선,주엽역,310,126.7612443,37.6701481,3,3호선,3호선
312,정발산,정발산역 3호선,정발산역,311,126.7732713,37.6597196,3,3호선,3호선
313,마두,마두역 3호선,마두역,312,126.7776556,37.6521938,3,3호선,3호선
314,백석,백석역 3호선,백석역,313,126.788066,37.6430297,3,3호선,3호선
315,대곡,대곡역 3호선,대곡역,314,126.8110438,37.6316395,3,3호선,3호선
316,화정,화정역 3호선,화정역,315,126.8326335,37.6346429,3,3호선,3호선
317,원당,원당역 3호선,원당역,316,126.8429853,37.6532599,3,3호선,3호선
318,삼송,삼송역 3호선,삼송역,318,126.8955766,37.6531047,3,3호선,3호선
319,지축,지축역 3호선,지축역,319,126.9137646,37.6481232,3,3호선,3호선
320,구파발,구파발역 3호선,구파발역,320,126.9188488,37.6365904,3,3호선,3호선
321,연신내,연신내역 3호선,연신내역,321,126.9211924,37.619062,3,3호선,3호선
322,불광,불광역 3호선,불광역,322,126.9302369,37.6100758,3,3호선,3호선
323,녹번,녹번역 3호선,녹번역,323,126.9357799,37.6008786,3,3호선,3호선
324,홍제,홍제역 3호선,홍제역,324,126.9441135,37.5888028,3,3호선,3호선
325,무악재,무악재역 3호선,무악재역,325,126.9502664,37.5825064,3,3호선,3호선
326,독립문,독립문역 3호선,독립문역,326,126.9579154,37.5744571,3,3호선,3호선
327,경복궁,경복궁역 3호선,경복궁역,327,126.9735674,37.5758787,3,3호선,3호선
328,안국,안국역 3호선,안국역,328,126.9854905,37.5765649,3,3호선,3호선
329,종로3가,종로3가역 3호선,종로3가역,329,126.9918423,37.5716572,3,3호선,3호선
330,을지로3가,을지로3가역 3호선,을지로3가역,330,126.992629,37.5663875,3,3호선,3호선
331,충무로,충무로역 3호선,충무로역,331,126.9947283,37.5609968,3,3호선,3호선
332,동대입구,동대입구역 3호선,동대입구역,332,127.005635,37.559078,3,3호선,3호선
333,약수,약수역 3호선,약수역,333,127.0110008,37.5543465,3,3호선,3호선
334,금호,금호역 3호선,금호역,334,127.0158006,37.5482794,3,3호선,3호선
335,옥수,옥수역 3호선,옥수역,335,127.0173742,37.5416086,3,3호선,3호선
336,압구정,압구정역 3호선,압구정역,336,127.0285128,37.5263302,3,3호선,3호선
337,신사,신사역 3호선,신사역,337,127.0204019,37.5164842,3,3호선,3호선
338,잠원,잠원역 3호선,잠원역,338,127.0116295,37.512967,3,3호선,3호선
339,고속터미널,고속터미널역 3호선,고속터미널역,339,127.0049754,37.5049056,3,3호선,3호선
340,교대,교대역 3호선,교대역,340,127.0138201,37.4930313,3,3호선,3호선
341,남부터미널,남부터미널역 3호선,남부터미널역,341,127.0162878,37.4849169,3,3호선,3호선
342,양재,양재역 3호선,양재역,342,127.034022,37.4845573,3,3호선,3호선
343,매봉,매봉역 3호선,매봉역,343,127.0469211,37.4870378,3,3호선,3호선
344,도곡,도곡역 3호선,도곡역,344,127.0553491,37.4908923,3,3호선,3호선
345,대치,대치역 3호선,대치역,345,127.0634417,37.4945866,3,3호선,3호선
346,학여울,학여울역 3호선,학여울역,346,127.0705794,37.4966981,3,3호선,3호선
347,대청,대청역 3호선,대청역,347,127.0795408,37.493608,3,3호선,3호선
348,일원,일원역 3호선,일원역,348,127.0840634,37.4838708,3,3호선,3호선
349,수서,수서역 3호선,수서역,349,127.102153,37.487477,3,3호선,3호선
350,가락시장,가락시장역 3호선,가락시장역,350,127.1176925,37.4922197,3,3호선,3호선
351,경찰병원,경찰병원역 3호선,경찰병원역,351,127.1242116,37.495702,3,3호선,3호선
352,오금,오금역 3호선,오금역,352,127.1288285,37.5026892,3,3호선,3호선
370,원흥,원흥역 3호선,원흥역,317,126.8731879,37.6507346,3,3호선,3호선
409,당고개,당고개역 4호선,당고개역,409,127.0791285,37.6703413,4,4호선,4호선
410,상계,상계역 4호선,상계역,410,127.0733408,37.6607073,4,4호선,4호선
411,노원,노원역 4호선,노원역,411,127.0634132,37.6563653,4,4호선,4호선
412,창동,창동역 4호선,창동역,412,127.0479675,37.6532513,4,4호선,4호선
413,쌍문,쌍문역 4호선,쌍문역,413,127.0347017,37.6485878,4,4호선,4호선
414,수유(강북구청),수유(강북구청)역 4호선,수유(강북구청)역,414,127.0254732,37.637828,4,4호선,4호선
415,미아,미아역 4호선,미아역,415,127.0261186,37.6264529,4,4호선,4호선
416,미아사거리,미아사거리역 4호선,미아사거리역,416,127.030097,37.6132608,4,4호선,4호선
417,길음,길음역 4호선,길음역,417,127.0249589,37.6032454,4,4호선,4호선
418,성신여대입구,성신여대입구역 4호선,성신여대입구역,418,127.0165388,37.592709,4,4호선,4호선
419,한성대입구,한성대입구역 4호선,한성대입구역,419,127.0062053,37.5884819,4,4호선,4호선
420,혜화,혜화역 4호선,혜화역,420,127.0018932,37.58217,4,4호선,4호선
421,동대문,동대문역 4호선,동대문역,421,127.0091161,37.5711345,4,4호선,4호선
422,동대문역사문화공원,동대문역사문화공원역 4호선,동대문역사문화공원역,422,127.0078233,37.5651518,4,4호선,4호선
423,충무로,충무로역 4호선,충무로역,423,126.994207,37.5612691,4,4호선,4호선
424,명동,명동역 4호선,명동역,424,126.9864651,37.5609721,4,4호선,4호선
425,회현,회현역 4호선,회현역,425,126.9785585,37.5587761,4,4호선,4호선
426,서울역,서울역 4호선,서울역,426,126.9727132,37.5535145,4,4호선,4호선
427,숙대입구,숙대입구역 4호선,숙대입구역,427,126.9721144,37.5445916,4,4호선,4호선
428,삼각지,삼각지역 4호선,삼각지역,428,126.9729869,37.5345468,4,4호선,4호선
429,신용산,신용산역 4호선,신용산역,429,126.9679481,37.529241,4,4호선,4호선
430,이촌,이촌역 4호선,이촌역,430,126.974396,37.5224265,4,4호선,4호선
431,동작,동작역 4호선,동작역,431,126.980341,37.5029147,4,4호선,4호선
432,총신대입구(이수),총신대입구(이수)역 4호선,총신대입구(이수)역,432,126.982193,37.4868026,4,4호선,4호선
433,사당,사당역 4호선,사당역,433,126.9816679,37.4767975,4,4호선,4호선
434,남태령,남태령역 4호선,남태령역,434,126.9891138,37.4642465,4,4호선,4호선
435,선바위,선바위역 4호선,선바위역,435,127.002176,37.4518608,4,4호선,4호선
436,경마공원,경마공원역 4호선,경마공원역,436,127.0078924,37.4439936,4,4호선,4호선
437,대공원,대공원역 4호선,대공원역,437,127.0064814,37.435757,4,4호선,4호선
438,과천,과천역 4호선,과천역,438,126.9963878,37.433172,4,4호선,4호선
439,정부과천청사,정부과천청사역 4호선,정부과천청사역,439,126.9897304,37.4265319,4,4호선,4호선
440,인덕원,인덕원역 4호선,인덕원역,440,126.9768202,37.4015892,4,4호선,4호선
441,평촌,평촌역 4호선,평촌역,441,126.9638983,37.3943456,4,4호선,4호선
442,범계,범계역 4호선,범계역,442,126.9507657,37.3897935,4,4호선,4호선
443,금정,금정역 4호선,금정역,443,126.9435118,37.3723505,4,4호선,4호선
444,산본,산본역 4호선,산본역,444,126.9329866,37.3580316,4,4호선,4호선
445,수리산,수리산역 4호선,수리산역,445,126.9256222,37.3506088,4,4호선,4호선
446,대야미,대야미역 4호선,대야미역,446,126.9169139,37.3280071,4,4호선,4호선
447,반월,반월역 4호선,반월역,447,126.9037869,37.3123686,4,4호선,4호선
448,상록수,상록수역 4호선,상록수역,448,126.8666096,37.3028535,4,4호선,4호선
449,한대앞,한대앞역 4호선,한대앞역,449,126.8538834,37.3094844,4,4호선,4호선
450,중앙,중앙역 4호선,중앙역,450,126.8389741,37.3160361,4,4호선,4호선
451,고잔,고잔역 4호선,고잔역,451,126.8234085,37.3168245,4,4호선,4호선
452,초지,초지역 4호선,초지역,452,126.8062464,37.3205511,4,4호선,4호선
453,안산,안산역 4호선,안산역,453,126.7892386,37.326801,4,4호선,4호선
454,신길온천,신길온천역 4호선,신길온천역,454,126.767341,37.3374763,4,4호선,4호선
455,정왕,정왕역 4호선,정왕역,455,126.7433066,37.3516989,4,4호선,4호선
456,오이도,오이도역 4호선,오이도역,456,126.7384503,37.3617848,4,4호선,4호선
510,방화,방화역 5호선,방화역,510,126.812818,37.5776046,5,5호선,5호선
511,개화산,개화산역 5호선,개화산역,511,126.8068268,37.5724541,5,5호선,5호선
512,김포공항,김포공항역 5호선,김포공항역,512,126.8012887,37.5624022,5,5호선,5호선
513,송정,송정역 5호선,송정역,513,126.8121294,37.5612014,5,5호선,5호선
514,마곡,마곡역 5호선,마곡역,514,126.8249983,37.5602082,5,5호선,5호선
515,발산,발산역 5호선,발산역,515,126.8377932,37.5585413,5,5호선,5호선
516,우장산,우장산역 5호선,우장산역,516,126.8363417,37.5487936,5,5호선,5호선
517,화곡,화곡역 5호선,화곡역,517,126.8406735,37.5413356,5,5호선,5호선
518,까치산,까치산역 5호선,까치산역,518,126.8465326,37.5321009,5,5호선,5호선
519,신정,신정역 5호선,신정역,519,126.8561801,37.5249898,5,5호선,5호선
520,목동,목동역 5호선,목동역,520,126.864538,37.5260971,5,5호선,5호선
521,오목교,오목교역 5호선,오목교역,521,126.8751283,37.524547,5,5호선,5호선
522,양평,양평역 5호선,양평역,522,126.8862052,37.5256195,5,5호선,5호선
523,영등포구청,영등포구청역 5호선,영등포구청역,523,126.8953425,37.5242179,5,5호선,5호선
524,영등포시장,영등포시장역 5호선,영등포시장역,524,126.9050557,37.5227351,5,5호선,5호선
525,신길,신길역 5호선,신길역,525,126.9152253,37.5175662,5,5호선,5호선
526,여의도,여의도역 5호선,여의도역,526,126.9240786,37.5216246,5,5호선,5호선
527,여의나루,여의나루역 5호선,여의나루역,527,126.9328265,37.5271504,5,5호선,5호선
528,마포,마포역 5호선,마포역,528,126.9457992,37.539488,5,5호선,5호선
529,공덕,공덕역 5호선,공덕역,529,126.9514586,37.5445593,5,5호선,5호선
530,애오개,애오개역 5호선,애오개역,530,126.9567586,37.5535995,5,5호선,5호선
531,충정로,충정로역 5호선,충정로역,531,126.9630028,37.5603459,5,5호선,5호선
532,서대문,서대문역 5호선,서대문역,532,126.9666425,37.5658632,5,5호선,5호선
533,광화문,광화문역 5호선,광화문역,533,126.9765025,37.5716645,5,5호선,5호선
534,종로3가,종로3가역 5호선,종로3가역,534,126.9903148,37.5725812,5,5호선,5호선
535,을지로4가,을지로4가역 5호선,을지로4가역,535,126.9980778,37.5673828,5,5호선,5호선
536,동대문역사문화공원,동대문역사문화공원역 5호선,동대문역사문화공원역,536,127.0056646,37.5646544,5,5호선,5호선
537,청구,청구역 5호선,청구역,537,127.0138936,37.5602139,5,5호선,5호선
538,신금호,신금호역 5호선,신금호역,538,127.0208979,37.5544061,5,5호선,5호선
539,행당,행당역 5호선,행당역,539,127.0296504,37.557412,5,5호선,5호선
540,왕십리,왕십리역 5호선,왕십리역,540,127.0372342,37.5618447,5,5호선,5호선
541,마장,마장역 5호선,마장역,541,127.0429834,37.5661451,5,5호선,5호선
542,답십리,답십리역 5호선,답십리역,542,127.0523621,37.5670913,5,5호선,5호선
543,장한평,장한평역 5호선,장한평역,543,127.0647056,37.5614737,5,5호선,5호선
544,군자,군자역 5호선,군자역,544,127.0794155,37.5571934,5,5호선,5호선
545,아차산,아차산역 5호선,아차산역,545,127.0896093,37.5520309,5,5호선,5호선
546,광나루,광나루역 5호선,광나루역,546,127.1036243,37.5453403,5,5호선,5호선
547,천호,천호역 5호선,천호역,547,127.1239046,37.5384863,5,5호선,5호선
548,강동,강동역 5호선,강동역,548,127.1323069,37.5359106,5,5호선,5호선
549,길동,길동역 5호선,길동역,549,127.1399996,37.5377779,5,5호선,5호선
550,굽은다리,굽은다리역 5호선,굽은다리역,550,127.1429227,37.5455466,5,5호선,5호선
551,명일,명일역 5호선,명일역,551,127.1440282,37.5513453,5,5호선,5호선
552,고덕,고덕역 5호선,고덕역,552,127.1541262,37.5550561,5,5호선,5호선
553,상일동,상일동역 5호선,상일동역,553,127.1659375,37.5566629,5,5호선,5호선
555,미사,미사역 5호선,미사역,555,127.1929324,37.5631179,5,5호선,5호선
556,하남풍산,하남풍산역 5호선,하남풍산역,556,127.2038908,37.5520573,5,5호선,5호선
569,둔촌동,둔촌동역 5호선,둔촌동역,P549,127.1362473,37.5276917,5,5호선,5호선
570,올림픽공원,올림픽공원역 5호선,올림픽공원역,P550,127.1308466,37.5158827,5,5호선,5호선
571,방이,방이역 5호선,방이역,P551,127.1260023,37.5086169,5,5호선,5호선
572,오금,오금역 5호선,오금역,P552,127.1276118,37.5023346,5,5호선,5호선
573,개롱,개롱역 5호선,개롱역,P553,127.1350846,37.4979695,5,5호선,5호선
574,거여,거여역 5호선,거여역,P554,127.1437699,37.4933424,5,5호선,5호선
575,마천,마천역 5호선,마천역,P555,127.1528062,37.4950271,5,5호선,5호선
610,응암,응암역 6호선,응암역,610,126.9156008,37.5984852,6,6호선,6호선
611,역촌,역촌역 6호선,역촌역,611,126.9227908,37.6061227,6,6호선,6호선
612,불광,불광역 6호선,불광역,612,126.9296543,37.6110424,6,6호선,6호선
613,독바위,독바위역 6호선,독바위역,613,126.9330601,37.6183908,6,6호선,6호선
614,연신내,연신내역 6호선,연신내역,614,126.9204314,37.6185586,6,6호선,6호선
615,구산,구산역 6호선,구산역,615,126.9173219,37.6113864,6,6호선,6호선
616,새절,새절역 6호선,새절역,616,126.9136065,37.5910546,6,6호선,6호선
617,증산,증산역 6호선,증산역,617,126.9096966,37.5839486,6,6호선,6호선
618,디지털미디어시티,디지털미디어시티역 6호선,디지털미디어시티역,618,126.9012173,37.5764222,6,6호선,6호선
619,월드컵경기장,월드컵경기장역 6호선,월드컵경기장역,619,126.899273,37.569657,6,6호선,6호선
620,마포구청,마포구청역 6호선,마포구청역,620,126.903444,37.5634062,6,6호선,6호선
621,망원,망원역 6호선,망원역,621,126.9101054,37.5560681,6,6호선,6호선
622,합정,합정역 6호선,합정역,622,126.9135421,37.5492319,6,6호선,6호선
623,상수,상수역 6호선,상수역,623,126.9223054,37.5477659,6,6호선,6호선
624,광흥창,광흥창역 6호선,광흥창역,624,126.9319509,37.5474807,6,6호선,6호선
625,대흥,대흥역 6호선,대흥역,625,126.9424666,37.5476314,6,6호선,6호선
626,공덕,공덕역 6호선,공덕역,626,126.9519689,37.5435148,6,6호선,6호선
627,효창공원앞,효창공원앞역 6호선,효창공원앞역,627,126.9614375,37.5392738,6,6호선,6호선
628,삼각지,삼각지역 6호선,삼각지역,628,126.9740193,37.5355916,6,6호선,6호선
629,녹사평(용산구청),녹사평(용산구청)역 6호선,녹사평(용산구청)역,629,126.9868953,37.5345855,6,6호선,6호선
630,이태원,이태원역 6호선,이태원역,630,126.9945905,37.5345416,6,6호선,6호선
631,한강진,한강진역 6호선,한강진역,631,127.0018016,37.5398285,6,6호선,6호선
632,버티고개,버티고개역 6호선,버티고개역,632,127.0071404,37.5481113,6,6호선,6호선
633,약수,약수역 6호선,약수역,633,127.010306,37.554173,6,6호선,6호선
634,청구,청구역 6호선,청구역,634,127.0137374,37.5601733,6,6호선,6호선
635,신당,신당역 6호선,신당역,635,127.0161834,37.5660717,6,6호선,6호선
636,동묘앞,동묘앞역 6호선,동묘앞역,636,127.0156713,37.5726026,6,6호선,6호선
637,창신,창신역 6호선,창신역,637,127.0153112,37.5793699,6,6호선,6호선
638,보문,보문역 6호선,보문역,638,127.0199429,37.5855334,6,6호선,6호선
639,안암,안암역 6호선,안암역,639,127.0291549,37.5863023,6,6호선,6호선
640,고려대,고려대역 6호선,고려대역,640,127.0359257,37.5904028,6,6호선,6호선
641,월곡,월곡역 6호선,월곡역,641,127.0415747,37.6019902,6,6호선,6호선
642,상월곡,상월곡역 6호선,상월곡역,642,127.0488824,37.6066054,6,6호선,6호선
643,돌곶이,돌곶이역 6호선,돌곶이역,643,127.056439,37.6105236,6,6호선,6호선
644,석계,석계역 6호선,석계역,644,127.0662704,37.6148423,6,6호선,6호선
645,태릉입구,태릉입구역 6호선,태릉입구역,645,127.0748596,37.6173652,6,6호선,6호선
646,화랑대,화랑대역 6호선,화랑대역,646,127.083978,37.619882,6,6호선,6호선
647,봉화산(서울의료원),봉화산(서울의료원)역 6호선,봉화산(서울의료원)역,647,127.0913317,37.6173718,6,6호선,6호선
648,신내,신내역 6호선,신내역,648,127.1045033,37.6123717,6,6호선,6호선
709,장암,장암역 7호선,장암역,709,127.0531004,37.7002605,7,7호선,7호선
710,도봉산,도봉산역 7호선,도봉산역,710,127.0464866,37.6895103,7,7호선,7호선
711,수락산,수락산역 7호선,수락산역,711,127.055316,37.6778581,7,7호선,7호선
712,마들,마들역 7호선,마들역,712,127.0576351,37.6653828,7,7호선,7호선
713,노원,노원역 7호선,노원역,713,127.0605231,37.6546928,7,7호선,7호선
714,중계,중계역 7호선,중계역,714,127.0641099,37.645112,7,7호선,7호선
715,하계,하계역 7호선,하계역,715,127.0679542,37.6365682,7,7호선,7호선
716,공릉,공릉역 7호선,공릉역,716,127.0729311,37.625768,7,7호선,7호선
717,태릉입구,태릉입구역 7호선,태릉입구역,717,127.075356,37.6184825,7,7호선,7호선
718,먹골,먹골역 7호선,먹골역,718,127.0777293,37.6107885,7,7호선,7호선
719,중화,중화역 7호선,중화역,719,127.0793076,37.6025816,7,7호선,7호선
720,상봉,상봉역 7호선,상봉역,720,127.0856711,37.5959203,7,7호선,7호선
721,면목,면목역 7호선,면목역,721,127.0875071,37.5887804,7,7호선,7호선
722,사가정,사가정역 7호선,사가정역,722,127.0885223,37.5809731,7,7호선,7호선
723,용마산,용마산역 7호선,용마산역,723,127.0868462,37.573796,7,7호선,7호선
724,중곡,중곡역 7호선,중곡역,724,127.0840955,37.5655455,7,7호선,7호선
725,군자,군자역 7호선,군자역,725,127.0795404,37.5572264,7,7호선,7호선
726,어린이대공원,어린이대공원역 7호선,어린이대공원역,726,127.074609,37.5479134,7,7호선,7호선
727,건대입구,건대입구역 7호선,건대입구역,727,127.0710966,37.5408717,7,7호선,7호선
728,뚝섬유원지,뚝섬유원지역 7호선,뚝섬유원지역,728,127.0667058,37.531551,7,7호선,7호선
729,청담,청담역 7호선,청담역,729,127.053925,37.5194891,7,7호선,7호선
730,강남구청,강남구청역 7호선,강남구청역,730,127.0412886,37.5171878,7,7호선,7호선
731,학동,학동역 7호선,학동역,731,127.0316189,37.5142512,7,7호선,7호선
732,논현,논현역 7호선,논현역,732,127.0213562,37.5111354,7,7호선,7호선
733,반포,반포역 7호선,반포역,733,127.0117412,37.5082214,7,7호선,7호선
734,고속터미널,고속터미널역 7호선,고속터미널역,734,127.0045239,37.5034708,7,7호선,7호선
735,내방,내방역 7호선,내방역,735,126.9935034,37.4876246,7,7호선,7호선
736,이수,이수역 7호선,이수역,736,126.9820675,37.4853856,7,7호선,7호선
737,남성,남성역 7호선,남성역,737,126.9710516,37.4847491,7,7호선,7호선
738,숭실대입구,숭실대입구역 7호선,숭실대입구역,738,126.9539906,37.4958606,7,7호선,7호선
739,상도,상도역 7호선,상도역,739,126.9482164,37.5025521,7,7호선,7호선
740,장승배기,장승배기역 7호선,장승배기역,740,126.9389885,37.5048284,7,7호선,7호선
741,신대방삼거리,신대방삼거리역 7호선,신대방삼거리역,741,126.9281967,37.4997369,7,7호선,7호선
742,보라매,보라매역 7호선,보라매역,742,126.9199165,37.4999564,7,7호선,7호선
743,신풍,신풍역 7호선,신풍역,743,126.9096316,37.5001373,7,7호선,7호선
744,대림,대림역 7호선,대림역,744,126.8967199,37.4928412,7,7호선,7호선
745,남구로,남구로역 7호선,남구로역,745,126.8872865,37.4861038,7,7호선,7호선
746,가산디지털단지,가산디지털단지역 7호선,가산디지털단지역,746,126.8826081,37.4803789,7,7호선,7호선
747,철산,철산역 7호선,철산역,747,126.8682488,37.4761873,7,7호선,7호선
748,광명사거리,광명사거리역 7호선,광명사거리역,748,126.854892,37.4792859,7,7호선,7호선
749,천왕,천왕역 7호선,천왕역,749,126.8387255,37.4867556,7,7호선,7호선
750,온수,온수역 7호선,온수역,750,126.8234649,37.4920594,7,7호선,7호선
751,까치울,까치울역 7호선,까치울역,751,126.8109685,37.5062533,7,7호선,7호선
752,부천종합운동장,부천종합운동장역 7호선,부천종합운동장역,752,126.7975156,37.5054585,7,7호선,7호선
753,춘의,춘의역 7호선,춘의역,753,126.7870747,37.503734,7,7호선,7호선
754,신중동,신중동역 7호선,신중동역,754,126.7759766,37.5030635,7,7호선,7호선
755,부천시청,부천시청역 7호선,부천시청역,755,126.7636191,37.5046828,7,7호선,7호선
756,상동,상동역 7호선,상동역,756,126.7531611,37.5058045,7,7호선,7호선
757,삼산체육관,삼산체육관역 7호선,삼산체육관역,757,126.7420134,37.5064955,7,7호선,7호선
758,굴포천,굴포천역 7호선,굴포천역,758,126.7313494,37.5070215,7,7호선,7호선
759,부평구청,부평구청역 7호선,부평구청역,759,126.7212457,37.5074557,7,7호선,7호선
810,암사,암사역 8호선,암사역,810,127.127537,37.5501577,8,8호선,8호선
811,천호,천호역 8호선,천호역,811,127.123252,37.5380164,8,8호선,8호선
812,강동구청,강동구청역 8호선,강동구청역,812,127.1205474,37.5305204,8,8호선,8호선
813,몽촌토성,몽촌토성역 8호선,몽촌토성역,813,127.1127749,37.5176625,8,8호선,8호선
814,잠실,잠실역 8호선,잠실역,814,127.1046659,37.5147742,8,8호선,8호선
815,석촌,석촌역 8호선,석촌역,815,127.1066681,37.5057994,8,8호선,8호선
816,송파,송파역 8호선,송파역,816,127.1122763,37.4996787,8,8호선,8호선
817,가락시장,가락시장역 8호선,가락시장역,817,127.1183096,37.4929616,8,8호선,8호선
818,문정,문정역 8호선,문정역,818,127.122474,37.4859725,8,8호선,8호선
819,장지,장지역 8호선,장지역,819,127.1261965,37.4786789,8,8호선,8호선
820,복정,복정역 8호선,복정역,820,127.1267775,37.4712088,8,8호선,8호선
821,산성,산성역 8호선,산성역,821,127.1501097,37.4566304,8,8호선,8호선
822,남한산성입구,남한산성입구역 8호선,남한산성입구역,822,127.1598367,37.4515477,8,8호선,8호선
823,단대오거리,단대오거리역 8호선,단대오거리역,823,127.156872,37.445188,8,8호선,8호선
824,신흥,신흥역 8호선,신흥역,824,127.1475088,37.4409557,8,8호선,8호선
825,수진,수진역 8호선,수진역,825,127.1403863,37.4372518,8,8호선,8호선
826,모란,모란역 8호선,모란역,826,127.1302584,37.4339563,8,8호선,8호선
901,개화,개화역 9호선,개화역,901,126.7969922,37.5784637,9,9호선,9호선
902,김포공항,김포공항역 9호선,김포공항역,902,126.8027857,37.5618623,9,9호선,9호선
903,공항시장,공항시장역 9호선,공항시장역,903,126.8106594,37.563793,9,9호선,9호선
904,신방화,신방화역 9호선,신방화역,904,126.8173535,37.5675126,9,9호선,9호선
905,마곡나루,마곡나루역 9호선,마곡나루역,905,126.8272818,37.5667761,9,9호선,9호선
906,양천향교,양천향교역 9호선,양천향교역,906,126.8418407,37.5681281,9,9호선,9호선
907,가양,가양역 9호선,가양역,907,126.8544334,37.5614693,9,9호선,9호선
908,증미,증미역 9호선,증미역,908,126.8606034,37.5581446,9,9호선,9호선
909,등촌,등촌역 9호선,등촌역,909,126.8655511,37.5507112,9,9호선,9호선
910,염창,염창역 9호선,염창역,910,126.8748564,37.5469769,9,9호선,9호선
911,신목동,신목동역 9호선,신목동역,911,126.8830837,37.5443618,9,9호선,9호선
912,선유도,선유도역 9호선,선유도역,912,126.8939268,37.5378654,9,9호선,9호선
913,당산,당산역 9호선,당산역,913,126.9026457,37.5335448,9,9호선,9호선
914,국회의사당,국회의사당역 9호선,국회의사당역,914,126.9177648,37.5282423,9,9호선,9호선
915,여의도,여의도역 9호선,여의도역,915,126.9240343,37.5217637,9,9호선,9호선
916,샛강,샛강역 9호선,샛강역,916,126.9288896,37.5167454,9,9호선,9호선
917,노량진,노량진역 9호선,노량진역,917,126.9410644,37.5135814,9,9호선,9호선
918,노들,노들역 9호선,노들역,918,126.9532132,37.5126946,9,9호선,9호선
919,흑석,흑석역 9호선,흑석역,919,126.9633951,37.5091825,9,9호선,9호선
920,동작,동작역 9호선,동작역,920,126.9777743,37.5031333,9,9호선,9호선
921,구반포,구반포역 9호선,구반포역,921,126.9874422,37.5014384,9,9호선,9호선
922,신반포,신반포역 9호선,신반포역,922,126.9960331,37.5034962,9,9호선,9호선
923,고속터미널,고속터미널역 9호선,고속터미널역,923,127.0043179,37.5060026,9,9호선,9호선
924,사평,사평역 9호선,사평역,924,127.0150731,37.5043808,9,9호선,9호선
925,신논현,신논현역 9호선,신논현역,925,127.0245209,37.5044636,9,9호선,9호선
926,언주,언주역 9호선,언주역,926,127.0339087,37.5073234,9,9호선,9호선
927,선정릉,선정릉역 9호선,선정릉역,927,127.043412,37.5101377,9,9호선,9호선
928,삼성중앙,삼성중앙역 9호선,삼성중앙역,928,127.0529321,37.5129462,9,9호선,9호선
929,봉은사,봉은사역 9호선,봉은사역,929,127.0602304,37.5142495,9,9호선,9호선
930,종합운동장,종합운동장역 9호선,종합운동장역,930,127.0764306,37.5113717,9,9호선,9호선
931,삼전,삼전역 9호선,삼전역,931,127.087432,37.5044913,9,9호선,9호선
932,석촌고분,석촌고분역 9호선,석촌고분역,932,127.0970008,37.5024736,9,9호선,9호선
933,석촌,석촌역 9호선,석촌역,933,127.1072226,37.5051892,9,9호선,9호선
934,송파나루,송파나루역 9호선,송파나루역,934,127.1122348,37.5102974,9,9호선,9호선
935,한성백제,한성백제역 9호선,한성백제역,935,127.1162476,37.5164209,9,9호선,9호선
936,올림픽공원,올림픽공원역 9호선,올림픽공원역,936,127.1303441,37.5162427,9,9호선,9호선
937,둔촌오륜,둔촌오륜역 9호선,둔촌오륜역,937,127.1387274,37.5192709,9,9호선,9호선
938,중앙보훈병원,중앙보훈병원역 9호선,중앙보훈병원역,938,127.1485418,37.5288331,9,9호선,9호선
1175,광명,광명역 1호선,광명역,P144-1,126.8847911,37.4164812,1,1호선,1호선
1181,당정,당정역 1호선,당정역,P151,126.9483897,37.3433914,1,1호선,1호선
1187,서동탄,서동탄역 1호선,서동탄역,P157-1,127.0519094,37.1956888,1,1호선,1호선
1299,지평,지평역 경의중앙선,지평역,K138,127.6289069,37.4768182,104,경의중앙선,경의중앙
1300,용문,용문역 경의중앙선,용문역,K137,127.5942681,37.482095,104,경의중앙선,경의중앙
1301,원덕,원덕역 경의중앙선,원덕역,K136,127.5466435,37.468719,104,경의중앙선,경의중앙
1302,양평,양평역 경의중앙선,양평역,K135,127.4918585,37.4926683,104,경의중앙선,경의중앙
1303,아신,아신역 경의중앙선,아신역,K133,127.4432995,37.5139483,104,경의중앙선,경의중앙
1304,국수,국수역 경의중앙선,국수역,K132,127.3994612,37.5161955,104,경의중앙선,경의중앙
1305,신원,신원역 경의중앙선,신원역,K131,127.3730572,37.5255784,104,경의중앙선,경의중앙
1306,양수,양수역 경의중앙선,양수역,K130,127.3291446,37.5459415,104,경의중앙선,경의중앙
1307,운길산,운길산역 경의중앙선,운길산역,K129,127.3099366,37.554742,104,경의중앙선,경의중앙
1308,팔당,팔당역 경의중앙선,팔당역,K128,127.2439137,37.5473258,104,경의중앙선,경의중앙
1309,도심,도심역 경의중앙선,도심역,K127,127.2227421,37.5796446,104,경의중앙선,경의중앙
1310,덕소,덕소역 경의중앙선,덕소역,K126,127.2088138,37.5869169,104,경의중앙선,경의중앙
1311,양정,양정역 경의중앙선,양정역,K125,127.1947468,37.603994,104,경의중앙선,경의중앙
1312,도농,도농역 경의중앙선,도농역,K124,127.1611277,37.6087585,104,경의중앙선,경의중앙
1313,구리,구리역 경의중앙선,구리역,K123,127.1434278,37.6032734,104,경의중앙선,경의중앙
1314,양원,양원역 경의중앙선,양원역,K122,127.1080081,37.6066358,104,경의중앙선,경의중앙
1315,망우,망우역 경의중앙선,망우역,K121,127.0923538,37.5993046,104,경의중앙선,경의중앙
1316,중랑,중랑역 경의중앙선,중랑역,K119,127.0758326,37.5949042,104,경의중앙선,경의중앙
1317,회기,회기역 경의중앙선,회기역,K118,127.0570622,37.5891955,104,경의중앙선,경의중앙
1318,용산,용산역 경의중앙선,용산역,K110,126.9650028,37.5295775,104,경의중앙선,경의중앙
1390,상봉,상봉역 경의중앙선,상봉역,K120,127.0850533,37.5968152,104,경의중앙선,경의중앙
1394,오빈,오빈역 경의중앙선,오빈역,K134,127.4738037,37.5061295,104,경의중앙선,경의중앙
1401,송탄,송탄역 1호선,송탄역,P162,127.0543827,37.0755124,1,1호선,1호선
1402,서정리,서정리역 1호선,서정리역,P163,127.0528735,37.0566264,1,1호선,1호선
1403,지제,지제역 1호선,지제역,P164,127.0704713,37.0188715,1,1호선,1호선
1404,평택,평택역 1호선,평택역,P165,127.0858115,36.9902563,1,1호선,1호선
1405,성환,성환역 1호선,성환역,P166,127.1269818,36.9160158,1,1호선,1호선
1406,직산,직산역 1호선,직산역,P167,127.1437886,36.8708919,1,1호선,1호선
1407,두정,두정역 1호선,두정역,P168,127.1489002,36.8338773,1,1호선,1호선
1408,천안,천안역 1호선,천안역,P169,127.1464204,36.8101973,1,1호선,1호선
1409,봉명,봉명역 1호선,봉명역,P170,127.136151,36.8014599,1,1호선,1호선
1410,쌍용(나사렛대),쌍용(나사렛대)역 1호선,쌍용(나사렛대)역,P171,127.1213596,36.7937596,1,1호선,1호선
1411,아산,아산역 1호선,아산역,P172,127.104573,36.7921184,1,1호선,1호선
1413,배방,배방역 1호선,배방역,P174,127.0528422,36.7775922,1,1호선,1호선
1415,온양온천,온양온천역 1호선,온양온천역,P176,127.0031778,36.7805415,1,1호선,1호선
1416,신창(순천향대),신창(순천향대)역 1호선,신창(순천향대)역,P177,126.9517949,36.7697881,1,1호선,1호선
1509,청량리,청량리역 수인분당선,청량리역,K209,127.0479431,37.5806305,116,수인분당선,수인분당
1510,왕십리,왕십리역 수인분당선,왕십리역,K210,127.0387123,37.5615059,116,수인분당선,수인분당
1511,서울숲,서울숲역 수인분당선,서울숲역,K211,127.04469,37.543654,116,수인분당선,수인분당
1512,압구정로데오,압구정로데오역 수인분당선,압구정로데오역,K212,127.040572,37.5273936,116,수인분당선,수인분당
1513,강남구청,강남구청역 수인분당선,강남구청역,K213,127.0414041,37.5168484,116,수인분당선,수인분당
1514,선정릉,선정릉역 수인분당선,선정릉역,K214,127.043642,37.5109245,116,수인분당선,수인분당
1515,선릉,선릉역 수인분당선,선릉역,K215,127.0486062,37.5052768,116,수인분당선,수인분당
1516,한티,한티역 수인분당선,한티역,K216,127.0528945,37.4962147,116,수인분당선,수인분당
1517,도곡,도곡역 수인분당선,도곡역,K217,127.0553677,37.490994,116,수인분당선,수인분당
1518,구룡,구룡역 수인분당선,구룡역,K218,127.0593452,37.4870094,116,수인분당선,수인분당
1519,개포동,개포동역 수인분당선,개포동역,K219,127.0664956,37.4891822,116,수인분당선,수인분당
1520,대모산입구,대모산입구역 수인분당선,대모산입구역,K220,127.072761,37.4913748,116,수인분당선,수인분당
1521,수서,수서역 수인분당선,수서역,K221,127.1009107,37.4879265,116,수인분당선,수인분당
1522,복정,복정역 수인분당선,복정역,K222,127.1266572,37.4698373,116,수인분당선,수인분당
1523,가천대,가천대역 수인분당선,가천대역,K223,127.1266925,37.4487387,116,수인분당선,수인분당
1524,태평,태평역 수인분당선,태평역,K224,127.127755,37.439869,116,수인분당선,수인분당
1525,모란,모란역 수인분당선,모란역,K225,127.1290663,37.4321781,116,수인분당선,수인분당
1526,야탑,야탑역 수인분당선,야탑역,K226,127.1286745,37.4113197,116,수인분당선,수인분당
1527,이매,이매역 수인분당선,이매역,K227,127.128286,37.3958531,116,수인분당선,수인분당
1528,서현,서현역 수인분당선,서현역,K228,127.1234021,37.3849937,116,수인분당선,수인분당
1529,수내,수내역 수인분당선,수내역,K229,127.1142328,37.3784451,116,수인분당선,수인분당
1530,정자,정자역 수인분당선,정자역,K230,127.1080884,37.3661631,116,수인분당선,수인분당
1531,미금,미금역 수인분당선,미금역,K231,127.1089006,37.3507506,116,수인분당선,수인분당
1532,오리,오리역 수인분당선,오리역,K232,127.1089962,37.3398231,116,수인분당선,수인분당
1533,보정,보정역 수인분당선,보정역,K234,127.1082321,37.3127473,116,수인분당선,수인분당
1534,죽전,죽전역 수인분당선,죽전역,K233,127.1073978,37.3245825,116,수인분당선,수인분당
1535,구성,구성역 수인분당선,구성역,K235,127.1056769,37.2989066,116,수인분당선,수인분당
1536,신갈,신갈역 수인분당선,신갈역,K236,127.1113234,37.2861338,116,수인분당선,수인분당
1537,기흥,기흥역 수인분당선,기흥역,K237,127.1159514,37.2756463,116,수인분당선,수인분당
1538,상갈,상갈역 수인분당선,상갈역,K238,127.1087467,37.2618059,116,수인분당선,수인분당
1539,청명,청명역 수인분당선,청명역,K239,127.0789586,37.25948,116,수인분당선,수인분당
1540,영통,영통역 수인분당선,영통역,K240,127.0713409,37.2515233,116,수인분당선,수인분당
1541,망포,망포역 수인분당선,망포역,K241,127.0573753,37.2458072,116,수인분당선,수인분당
1542,매탄권선,매탄권선역 수인분당선,매탄권선역,K242,127.0406611,37.2527042,116,수인분당선,수인분당
1543,수원시청,수원시청역 수인분당선,수원시청역,K243,127.0311206,37.2618511,116,수인분당선,수인분당
1544,매교,매교역 수인분당선,매교역,K244,127.0157171,37.2655124,116,수인분당선,수인분당
1545,수원,수원역 수인분당선,수원역,K245,127.0011398,37.2665472,116,수인분당선,수인분당
1606,효창공원앞,효창공원앞역 경의중앙선,효창공원앞역,K311,126.9625371,37.5386082,104,경의중앙선,경의중앙
1607,공덕,공덕역 경의중앙선,공덕역,K312,126.9519483,37.542533,104,경의중앙선,경의중앙
1608,서강대,서강대역 경의중앙선,서강대역,K313,126.9354452,37.5521672,104,경의중앙선,경의중앙
1609,홍대입구,홍대입구역 경의중앙선,홍대입구역,K314,126.9275504,37.5571098,104,경의중앙선,경의중앙
1610,서울역,서울역 경의중앙선,서울역,P313,126.971333,37.5564073,104,경의중앙선,경의중앙
1611,신촌,신촌역 경의중앙선,신촌역,P314,126.9423666,37.5597706,104,경의중앙선,경의중앙
1612,가좌,가좌역 경의중앙선,가좌역,K315,126.9149612,37.5687984,104,경의중앙선,경의중앙
1613,디지털미디어시티,디지털미디어시티역 경의중앙선,디지털미디어시티역,K316,126.9004835,37.5775083,104,경의중앙선,경의중앙
1614,수색,수색역 경의중앙선,수색역,K317,126.8956951,37.5808606,104,경의중앙선,경의중앙
1615,화전,화전역 경의중앙선,화전역,K318,126.8683865,37.6029081,104,경의중앙선,경의중앙
1616,행신,행신역 경의중앙선,행신역,K320,126.8343171,37.612119,104,경의중앙선,경의중앙
1617,능곡,능곡역 경의중앙선,능곡역,K321,126.8208545,37.6187476,104,경의중앙선,경의중앙
1618,대곡,대곡역 경의중앙선,대곡역,K322,126.8097732,37.6319767,104,경의중앙선,경의중앙
1619,곡산,곡산역 경의중앙선,곡산역,K323,126.8017185,37.645903,104,경의중앙선,경의중앙
1620,백마,백마역 경의중앙선,백마역,K324,126.7944965,37.6582116,104,경의중앙선,경의중앙
1621,풍산,풍산역 경의중앙선,풍산역,K325,126.7863663,37.6721825,104,경의중앙선,경의중앙
1622,일산,일산역 경의중앙선,일산역,K326,126.7700598,37.6820088,104,경의중앙선,경의중앙
1623,탄현,탄현역 경의중앙선,탄현역,K327,126.7611803,37.6938932,104,경의중앙선,경의중앙
1624,운정,운정역 경의중앙선,운정역,K329,126.7670809,37.7254269,104,경의중앙선,경의중앙
1625,금릉,금릉역 경의중앙선,금릉역,K330,126.7654255,37.7513071,104,경의중앙선,경의중앙
1626,금촌,금촌역 경의중앙선,금촌역,K331,126.7745325,37.7661205,104,경의중앙선,경의중앙
1627,월롱,월롱역 경의중앙선,월롱역,K333,126.792609,37.7962173,104,경의중앙선,경의중앙
1628,파주,파주역 경의중앙선,파주역,K334,126.7924505,37.8153925,104,경의중앙선,경의중앙
1629,문산,문산역 경의중앙선,문산역,K335,126.7874754,37.8545997,104,경의중앙선,경의중앙
1631,임진강,임진강역 경의중앙선,임진강역,K336,126.7469467,37.888424,104,경의중앙선,경의중앙
1635,강매,강매역 경의중앙선,강매역,K319,126.8444681,37.6122702,104,경의중앙선,경의중앙
1636,야당,야당역 경의중앙선,야당역,K328,126.7614037,37.7126654,104,경의중앙선,경의중앙
1701,기흥,기흥역 에버라인,기흥역,Y110,127.1167491,37.2754707,107,에버라인,에버라인
1702,강남대,강남대역 에버라인,강남대역,Y111,127.1260071,37.2701968,107,에버라인,에버라인
1703,지석,지석역 에버라인,지석역,Y112,127.1366128,37.2697106,107,에버라인,에버라인
1704,어정,어정역 에버라인,어정역,Y113,127.1437434,37.2749437,107,에버라인,에버라인
1705,동백,동백역 에버라인,동백역,Y114,127.1527207,37.2691123,107,에버라인,에버라인
1706,초당,초당역 에버라인,초당역,Y115,127.1594612,37.2608426,107,에버라인,에버라인
1707,삼가,삼가역 에버라인,삼가역,Y116,127.1681063,37.2421434,107,에버라인,에버라인
1708,시청.용인대,시청.용인대역 에버라인,시청.용인대역,Y117,127.1788391,37.2393998,107,에버라인,에버라인
1709,명지대,명지대역 에버라인,명지대역,Y118,127.1902816,37.238068,107,에버라인,에버라인
1710,김량장,김량장역 에버라인,김량장역,Y119,127.1986559,37.2373025,107,에버라인,에버라인
1711,운동장.송담대,운동장.송담대역 에버라인,운동장.송담대역,Y120,127.2090662,37.2378989,107,에버라인,에버라인
1712,고진,고진역 에버라인,고진역,Y121,127.2142222,37.2446942,107,에버라인,에버라인
1713,보평,보평역 에버라인,보평역,Y122,127.2184648,37.259028,107,에버라인,에버라인
1714,둔전,둔전역 에버라인,둔전역,Y123,127.2136254,37.2671545,107,에버라인,에버라인
1715,전대.에버랜드,전대.에버랜드역 에버라인,전대.에버랜드역,Y124,127.2195318,37.285388,107,에버라인,에버라인
1806,청량리,청량리역 경춘선,청량리역,K117,127.0487715,37.5811595,108,경춘선,경춘
1807,회기,회기역 경춘선,회기역,K118,127.0581826,37.5897923,108,경춘선,경춘
1808,중랑,중랑역 경춘선,중랑역,K119,127.0766605,37.5950255,108,경춘선,경춘
1809,광운대,광운대역 경춘선,광운대역,119,127.0618605,37.6237828,108,경춘선,경춘
1810,상봉,상봉역 경춘선,상봉역,K120,127.0859789,37.5972545,108,경춘선,경춘
1811,망우,망우역 경춘선,망우역,K121,127.0916503,37.5999462,108,경춘선,경춘
1812,신내,신내역 경춘선,신내역,P122,127.1032491,37.6127859,108,경춘선,경춘
1813,갈매,갈매역 경춘선,갈매역,P123,127.1148218,37.6341427,108,경춘선,경춘
1814,별내,별내역 경춘선,별내역,P124,127.1274395,37.6422712,108,경춘선,경춘
1815,퇴계원,퇴계원역 경춘선,퇴계원역,P125,127.1436414,37.648288,108,경춘선,경춘
1816,사릉,사릉역 경춘선,사릉역,P126,127.176858,37.6511518,108,경춘선,경춘
1817,금곡,금곡역 경춘선,금곡역,P127,127.2076199,37.6373638,108,경춘선,경춘
1818,평내호평,평내호평역 경춘선,평내호평역,P128,127.2445494,37.6532218,108,경춘선,경춘
1819,천마산,천마산역 경춘선,천마산역,P129,127.2853933,37.6590109,108,경춘선,경춘
1820,마석,마석역 경춘선,마석역,P130,127.3117893,37.6527993,108,경춘선,경춘
1821,대성리,대성리역 경춘선,대성리역,P131,127.3795092,37.6838659,108,경춘선,경춘
1822,청평,청평역 경춘선,청평역,P132,127.4266782,37.7355415,108,경춘선,경춘
1823,상천,상천역 경춘선,상천역,P133,127.4544338,37.7700396,108,경춘선,경춘
1824,가평,가평역 경춘선,가평역,P134,127.5107313,37.8145184,108,경춘선,경춘
1825,굴봉산,굴봉산역 경춘선,굴봉산역,P135,127.5577551,37.8320883,108,경춘선,경춘
1826,백양리,백양리역 경춘선,백양리역,P136,127.5891079,37.8308826,108,경춘선,경춘
1827,강촌,강촌역 경춘선,강촌역,P137,127.6341726,37.8057443,108,경춘선,경춘
1828,김유정,김유정역 경춘선,김유정역,P138,127.714198,37.8183649,108,경춘선,경춘
1829,남춘천,남춘천역 경춘선,남춘천역,P139,127.723785,37.8640709,108,경춘선,경춘
1830,춘천,춘천역 경춘선,춘천역,P140,127.7166579,37.8844444,108,경춘선,경춘
1910,강남,강남역 신분당선,강남역,D07,127.0283576,37.4963731,109,신분당선,신분당
1911,양재,양재역 신분당선,양재역,D08,127.0348766,37.4835997,109,신분당선,신분당
1912,양재시민의숲,양재시민의숲역 신분당선,양재시민의숲역,D09,127.038396,37.4699132,109,신분당선,신분당
1913,청계산입구,청계산입구역 신분당선,청계산입구역,D10,127.0546971,37.4482647,109,신분당선,신분당
1914,판교,판교역 신분당선,판교역,D11,127.1111601,37.3947763,109,신분당선,신분당
1915,정자,정자역 신분당선,정자역,D12,127.108455,37.3677228,109,신분당선,신분당
1916,미금,미금역 신분당선,미금역,D13,127.1089129,37.3488461,109,신분당선,신분당
1917,동천,동천역 신분당선,동천역,D14,127.1028451,37.337795,109,신분당선,신분당
1918,수지구청,수지구청역 신분당선,수지구청역,D15,127.0948906,37.3226221,109,신분당선,신분당
1919,성복,성복역 신분당선,성복역,D16,127.0803411,37.313557,109,신분당선,신분당
1920,상현,상현역 신분당선,상현역,D17,127.0693559,37.2978736,109,신분당선,신분당
1921,광교중앙(아주대),광교중앙(아주대)역 신분당선,광교중앙(아주대)역,D18,127.051533,37.2885031,109,신분당선,신분당
1922,광교(경기대),광교(경기대)역 신분당선,광교(경기대)역,D19,127.0441981,37.302087,109,신분당선,신분당
4001,서울역,서울역 공항철도,서울역,A01,126.9697747,37.5537439,101,공항철도,공항
4002,공덕,공덕역 공항철도,공덕역,A02,126.9518964,37.5424319,101,공항철도,공항
4003,홍대입구,홍대입구역 공항철도,홍대입구역,A03,126.9266134,37.5577069,101,공항철도,공항
4004,디지털미디어시티,디지털미디어시티역 공항철도,디지털미디어시티역,A04,126.8986603,37.5770602,101,공항철도,공항
4005,김포공항,김포공항역 공항철도,김포공항역,A05,126.8027309,37.5617405,101,공항철도,공항
4006,계양,계양역 공항철도,계양역,A06,126.7362988,37.5717656,101,공항철도,공항
4007,검암,검암역 공항철도,검암역,A07,126.6736627,37.5692527,101,공항철도,공항
4008,운서,운서역 공항철도,운서역,A08,126.4938642,37.4927763,101,공항철도,공항
4009,공항화물청사,공항화물청사역 공항철도,공항화물청사역,A09,126.4775043,37.4590673,101,공항철도,공항
4010,인천공항1터미널,인천공항1터미널역 공항철도,인천공항1터미널역,A10,126.4524614,37.4474699,101,공항철도,공항
4011,청라국제도시,청라국제도시역 공항철도,청라국제도시역,A071,126.6246985,37.5564036,101,공항철도,공항
4012,영종,영종역 공항철도,영종역,A072,126.5250848,37.5120812,101,공항철도,공항
4013,인천공항2터미널,인천공항2터미널역 공항철도,인천공항2터미널역,A11,126.4333512,37.4688906,101,공항철도,공항
4020,마곡나루,마곡나루역 공항철도,마곡나루역,A042,126.8274551,37.565599,101,공항철도,공항
11001,발곡,발곡역 의정부경전철,발곡역,U110,127.0529099,37.7269917,110,의정부경전철,의정부
11002,회룡,회룡역 의정부경전철,회룡역,U111,127.0471083,37.7250156,110,의정부경전철,의정부
11003,범골,범골역 의정부경전철,범골역,U112,127.043664,37.7287961,110,의정부경전철,의정부
11004,경전철의정부,경전철의정부역 의정부경전철,경전철의정부역,U113,127.043317,37.7372914,110,의정부경전철,의정부
11005,의정부시청,의정부시청역 의정부경전철,의정부시청역,U114,127.0348665,37.7392416,110,의정부경전철,의정부
11006,흥선,흥선역 의정부경전철,흥선역,U115,127.0371208,37.7432932,110,의정부경전철,의정부
11007,의정부중앙,의정부중앙역 의정부경전철,의정부중앙역,U117,127.0496635,37.7436839,110,의정부경전철,의정부
11008,동오,동오역 의정부경전철,동오역,U118,127.0569791,37.7452685,110,의정부경전철,의정부
11009,새말,새말역 의정부경전철,새말역,U119,127.0637847,37.7488688,110,의정부경전철,의정부
11010,경기도청북부청사,경기도청북부청사역 의정부경전철,경기도청북부청사역,U120,127.071618,37.7507754,110,의정부경전철,의정부
11011,효자,효자역 의정부경전철,효자역,U121,127.0772809,37.7539992,110,의정부경전철,의정부
11012,곤제,곤제역 의정부경전철,곤제역,U122,127.0838461,37.7505337,110,의정부경전철,의정부
11013,어룡,어룡역 의정부경전철,어룡역,U123,127.0852264,37.7426961,110,의정부경전철,의정부
11014,송산,송산역 의정부경전철,송산역,U124,127.0872089,37.7372812,110,의정부경전철,의정부
11015,탑석,탑석역 의정부경전철,탑석역,U125,127.0889136,37.7335065,110,의정부경전철,의정부
11109,고색,고색역 수인분당선,고색역,K246,126.9802893,37.2496683,116,수인분당선,수인분당
11110,오목천,오목천역 수인분당선,오목천역,K247,126.964121,37.2434864,116,수인분당선,수인분당
11111,어천,어천역 수인분당선,어천역,K248,126.9089578,37.2500921,116,수인분당선,수인분당
11112,야목,야목역 수인분당선,야목역,K249,126.8840766,37.2611904,116,수인분당선,수인분당
11113,사리,사리역 수인분당선,사리역,K250,126.8571791,37.2909129,116,수인분당선,수인분당
11114,한대앞,한대앞역 수인분당선,한대앞역,K251,126.8531445,37.3102248,116,수인분당선,수인분당
11115,중앙,중앙역 수인분당선,중앙역,K252,126.8375964,37.3161041,116,수인분당선,수인분당
11116,고잔,고잔역 수인분당선,고잔역,K253,126.8222592,37.3168803,116,수인분당선,수인분당
11117,초지,초지역 수인분당선,초지역,K254,126.8052422,37.3210165,116,수인분당선,수인분당
11118,안산,안산역 수인분당선,안산역,K255,126.7880928,37.3273233,116,수인분당선,수인분당
11119,신길온천,신길온천역 수인분당선,신길온천역,K256,126.7663857,37.3379844,116,수인분당선,수인분당
11120,정왕,정왕역 수인분당선,정왕역,K257,126.7422567,37.3519972,116,수인분당선,수인분당
11121,오이도,오이도역 수인분당선,오이도역,K258,126.7388048,37.362651,116,수인분당선,수인분당
11122,월곶,월곶역 수인분당선,월곶역,K260,126.7426408,37.3918973,116,수인분당선,수인분당
11123,소래포구,소래포구역 수인분당선,소래포구역,K261,126.733547,37.4009748,116,수인분당선,수인분당
11124,인천논현,인천논현역 수인분당선,인천논현역,K262,126.7224215,37.4006386,116,수인분당선,수인분당
11125,호구포,호구포역 수인분당선,호구포역,K263,126.7086973,37.4016352,116,수인분당선,수인분당
11126,남동인더스파크,남동인더스파크역 수인분당선,남동인더스파크역,K264,126.6952494,37.407784,116,수인분당선,수인분당
11127,원인재,원인재역 수인분당선,원인재역,K265,126.6866059,37.4130941,116,수인분당선,수인분당
11128,연수,연수역 수인분당선,연수역,K266,126.6788826,37.4178721,116,수인분당선,수인분당
11129,송도,송도역 수인분당선,송도역,K267,126.6547039,37.4299506,116,수인분당선,수인분당
11131,인하대,인하대역 수인분당선,인하대역,K269,126.6498422,37.4482143,116,수인분당선,수인분당
11132,숭의,숭의역 수인분당선,숭의역,K270,126.638075,37.4609117,116,수인분당선,수인분당
11133,신포,신포역 수인분당선,신포역,K271,126.6245247,37.4684547,116,수인분당선,수인분당
11134,인천,인천역 수인분당선,인천역,K272,126.6173965,37.4765047,116,수인분당선,수인분당
11150,달월,달월역 수인분당선,달월역,K259,126.745449,37.380008,116,수인분당선,수인분당
11221,판교,판교역 경강선,판교역,K410,127.1112198,37.3947359,112,경강선,경강
11222,이매,이매역 경강선,이매역,K411,127.1272322,37.3947355,112,경강선,경강
11223,삼동,삼동역 경강선,삼동역,K412,127.2034615,37.4087369,112,경강선,경강
11224,경기광주,경기광주역 경강선,경기광주역,K413,127.2533132,37.3989242,112,경강선,경강
11225,초월,초월역 경강선,초월역,K414,127.3000099,37.3733942,112,경강선,경강
11226,곤지암,곤지암역 경강선,곤지암역,K415,127.3462002,37.3505293,112,경강선,경강
11227,신둔도예촌,신둔도예촌역 경강선,신둔도예촌역,K416,127.4052368,37.3155675,112,경강선,경강
11228,이천,이천역 경강선,이천역,K417,127.4420972,37.2642256,112,경강선,경강
11229,부발,부발역 경강선,부발역,K418,127.4903344,37.2604214,112,경강선,경강
11230,세종대왕릉,세종대왕릉역 경강선,세종대왕릉역,K419,127.5707764,37.2936379,112,경강선,경강
11231,여주,여주역 경강선,여주역,K420,127.6285832,37.2828819,112,경강선,경강
11321,북한산우이,북한산우이역 우이신설선,북한산우이역,S110,127.0127977,37.6629089,113,우이신설선,우이신설
11322,솔밭공원,솔밭공원역 우이신설선,솔밭공원역,S111,127.013278,37.6560475,113,우이신설선,우이신설
11323,4.19민주묘지,4.19민주묘지역 우이신설선,4.19민주묘지역,S112,127.0136693,37.6495536,113,우이신설선,우이신설
11324,가오리,가오리역 우이신설선,가오리역,S113,127.01681,37.6415589,113,우이신설선,우이신설
11325,화계,화계역 우이신설선,화계역,S114,127.0175118,37.6341179,113,우이신설선,우이신설
11326,삼양,삼양역 우이신설선,삼양역,S115,127.0181637,37.6269221,113,우이신설선,우이신설
11327,삼양사거리,삼양사거리역 우이신설선,삼양사거리역,S116,127.0205069,37.6213406,113,우이신설선,우이신설
11328,솔샘,솔샘역 우이신설선,솔샘역,S117,127.0135351,37.6202664,113,우이신설선,우이신설
11329,북한산보국문,북한산보국문역 우이신설선,북한산보국문역,S118,127.0081539,37.6122156,113,우이신설선,우이신설
11330,정릉,정릉역 우이신설선,정릉역,S119,127.0134944,37.6026666,113,우이신설선,우이신설
11331,성신여대입구,성신여대입구역 우이신설선,성신여대입구역,S120,127.016544,37.592412,113,우이신설선,우이신설
11332,보문,보문역 우이신설선,보문역,S121,127.0195556,37.5850248,113,우이신설선,우이신설
11333,신설동,신설동역 우이신설선,신설동역,S122,127.0232133,37.576793,113,우이신설선,우이신설
11421,소사,소사역 서해선,소사역,S16,126.7949645,37.4832808,114,서해선,서해
11422,소새울,소새울역 서해선,소새울역,S17,126.7972911,37.46848,114,서해선,서해
11423,시흥대야,시흥대야역 서해선,시흥대야역,S18,126.7929771,37.450194,114,서해선,서해
11424,신천,신천역 서해선,신천역,S19,126.786751,37.439035,114,서해선,서해
11425,신현,신현역 서해선,신현역,S20,126.7878281,37.40968,114,서해선,서해
11427,시흥시청,시흥시청역 서해선,시흥시청역,S22,126.8059211,37.38148,114,서해선,서해
11428,시흥능곡,시흥능곡역 서해선,시흥능곡역,S23,126.8087339,37.3701572,114,서해선,서해
11429,달미,달미역 서해선,달미역,S24,126.8094012,37.3489244,114,서해선,서해
11430,선부,선부역 서해선,선부역,S25,126.8100031,37.334407,114,서해선,서해
11431,초지,초지역 서해선,초지역,S26,126.8080167,37.320001,114,서해선,서해
11432,원곡,원곡역 서해선,원곡역,S27,126.7957181,37.313153,114,서해선,서해
11433,원시,원시역 서해선,원시역,S28,126.7867872,37.3025729,114,서해선,서해
11511,양촌,양촌역 김포골드라인,양촌역,G100,126.6148276,37.6416449,115,김포골드라인,김포골드
11512,구래,구래역 김포골드라인,구래역,G101,126.6287076,37.6453969,115,김포골드라인,김포골드
11513,마산,마산역 김포골드라인,마산역,G102,126.6445072,37.6408135,115,김포골드라인,김포골드
11514,장기,장기역 김포골드라인,장기역,G103,126.6691099,37.6441705,115,김포골드라인,김포골드
11515,운양,운양역 김포골드라인,운양역,G104,126.6838489,37.6538667,115,김포골드라인,김포골드
11516,걸포북변,걸포북변역 김포골드라인,걸포북변역,G105,126.7057322,37.6316502,115,김포골드라인,김포골드
11517,사우(김포시청),사우(김포시청)역 김포골드라인,사우(김포시청)역,G106,126.7198386,37.6203107,115,김포골드라인,김포골드
11518,풍무,풍무역 김포골드라인,풍무역,G107,126.7326928,37.6122941,115,김포골드라인,김포골드
11519,고촌,고촌역 김포골드라인,고촌역,G108,126.7702144,37.6013994,115,김포골드라인,김포골드
11520,김포공항,김포공항역 김포골드라인,김포공항역,G109,126.8026246,37.5622872,115,김포골드라인,김포골드
20110,계양,계양역 인천1호선,계양역,I110,126.736411,37.5714532,21,인천1호선,인천1
20111,귤현,귤현역 인천1호선,귤현역,I111,126.7424923,37.5666362,21,인천1호선,인천1
20112,박촌,박촌역 인천1호선,박촌역,I112,126.7449949,37.553537,21,인천1호선,인천1
20113,임학,임학역 인천1호선,임학역,I113,126.738672,37.5450986,21,인천1호선,인천1
20114,계산,계산역 인천1호선,계산역,I114,126.7281452,37.5433016,21,인천1호선,인천1
20115,경인교대입구,경인교대입구역 인천1호선,경인교대입구역,I115,126.7226228,37.5381803,21,인천1호선,인천1
20116,작전,작전역 인천1호선,작전역,I116,126.7225326,37.530291,21,인천1호선,인천1
20117,갈산,갈산역 인천1호선,갈산역,I117,126.7215587,37.5170688,21,인천1호선,인천1
20118,부평구청,부평구청역 인천1호선,부평구청역,I118,126.7205867,37.5084365,21,인천1호선,인천1
20119,부평시장,부평시장역 인천1호선,부평시장역,I119,126.7222774,37.4984557,21,인천1호선,인천1
20120,부평,부평역 인천1호선,부평역,I120,126.7234918,37.4904123,21,인천1호선,인천1
20121,동수,동수역 인천1호선,동수역,I121,126.718399,37.4854209,21,인천1호선,인천1
20122,부평삼거리,부평삼거리역 인천1호선,부평삼거리역,I122,126.7104676,37.4782817,21,인천1호선,인천1
20123,간석오거리,간석오거리역 인천1호선,간석오거리역,I123,126.7079019,37.4669093,21,인천1호선,인천1
20124,인천시청,인천시청역 인천1호선,인천시청역,I124,126.7022161,37.4576187,21,인천1호선,인천1
20125,예술회관,예술회관역 인천1호선,예술회관역,I125,126.7010064,37.4492006,21,인천1호선,인천1
20126,인천터미널,인천터미널역 인천1호선,인천터미널역,I126,126.699675,37.4419043,21,인천1호선,인천1
20127,문학경기장,문학경기장역 인천1호선,문학경기장역,I127,126.6983415,37.4349599,21,인천1호선,인천1
20128,선학,선학역 인천1호선,선학역,I128,126.6989247,37.427001,21,인천1호선,인천1
20129,신연수,신연수역 인천1호선,신연수역,I129,126.6940278,37.4180588,21,인천1호선,인천1
20130,원인재,원인재역 인천1호선,원인재역,I130,126.6878251,37.4123326,21,인천1호선,인천1
20131,동춘,동춘역 인천1호선,동춘역,I131,126.680786,37.4047322,21,인천1호선,인천1
20132,동막,동막역 인천1호선,동막역,I132,126.6736029,37.3981396,21,인천1호선,인천1
20133,캠퍼스타운,캠퍼스타운역 인천1호선,캠퍼스타운역,I133,126.6620847,37.3882047,21,인천1호선,인천1
20134,테크노파크,테크노파크역 인천1호선,테크노파크역,I134,126.6561887,37.3820787,21,인천1호선,인천1
20135,지식정보단지,지식정보단지역 인천1호선,지식정보단지역,I135,126.6454262,37.378017,21,인천1호선,인천1
20136,인천대입구,인천대입구역 인천1호선,인천대입구역,I136,126.6394183,37.386209,21,인천1호선,인천1
20137,센트럴파크,센트럴파크역 인천1호선,센트럴파크역,I137,126.6349838,37.3928199,21,인천1호선,인천1
20138,국제업무지구,국제업무지구역 인천1호선,국제업무지구역,I138,126.630119,37.4004344,21,인천1호선,인천1
20210,검단오류(검단산업단지),검단오류(검단산업단지)역 인천2호선,검단오류(검단산업단지)역,I201,126.6280074,37.5948489,22,인천2호선,인천2
20211,왕길,왕길역 인천2호선,왕길역,I202,126.642479,37.5951339,22,인천2호선,인천2
20212,검단사거리,검단사거리역 인천2호선,검단사거리역,I203,126.6566189,37.6017177,22,인천2호선,인천2
20213,마전,마전역 인천2호선,마전역,I204,126.6671363,37.5977134,22,인천2호선,인천2
20214,완정,완정역 인천2호선,완정역,I205,126.6730298,37.592865,22,인천2호선,인천2
20215,독정,독정역 인천2호선,독정역,I206,126.6759863,37.5849123,22,인천2호선,인천2
20216,검암,검암역 인천2호선,검암역,I207,126.6756595,37.5687033,22,인천2호선,인천2
20217,검바위,검바위역 인천2호선,검바위역,I208,126.677519,37.5611734,22,인천2호선,인천2
20218,아시아드경기장(공촌사거리),아시아드경기장(공촌사거리)역 인천2호선,아시아드경기장(공촌사거리)역,I209,126.677103,37.5513036,22,인천2호선,인천2
20219,서구청,서구청역 인천2호선,서구청역,I210,126.6768373,37.5439103,22,인천2호선,인천2
20220,가정(루원시티),가정(루원시티)역 인천2호선,가정(루원시티)역,I211,126.6753548,37.524725,22,인천2호선,인천2
20221,가정중앙시장,가정중앙시장역 인천2호선,가정중앙시장역,I212,126.6768155,37.5174714,22,인천2호선,인천2
20222,석남(거북시장),석남(거북시장)역 인천2호선,석남(거북시장)역,I213,126.6762655,37.5071618,22,인천2호선,인천2
20223,서부여성회관,서부여성회관역 인천2호선,서부여성회관역,I214,126.6758569,37.5003027,22,인천2호선,인천2
20224,인천가좌,인천가좌역 인천2호선,인천가좌역,I215,126.6752463,37.4900531,22,인천2호선,인천2
20225,가재울,가재울역 인천2호선,가재울역,I216,126.6838328,37.4841058,22,인천2호선,인천2
20226,주안국가산단(인천J밸리),주안국가산단(인천J밸리)역 인천2호선,주안국가산단(인천J밸리)역,I217,126.6812163,37.4739745,22,인천2호선,인천2
20227,주안,주안역 인천2호선,주안역,I218,126.6791041,37.4654372,22,인천2호선,인천2
20228,시민공원(문화창작지대),시민공원(문화창작지대)역 인천2호선,시민공원(문화창작지대)역,I219,126.6810909,37.4583909,22,인천2호선,인천2
20229,석바위시장,석바위시장역 인천2호선,석바위시장역,I220,126.6921913,37.4576958,22,인천2호선,인천2
20230,인천시청,인천시청역 인천2호선,인천시청역,I221,126.7011404,37.4568992,22,인천2호선,인천2
20231,석천사거리,석천사거리역 인천2호선,석천사거리역,I222,126.7107966,37.4567527,22,인천2호선,인천2
20232,모래내시장,모래내시장역 인천2호선,모래내시장역,I223,126.7196193,37.4558728,22,인천2호선,인천2
20233,만수,만수역 인천2호선,만수역,I224,126.7317828,37.4549676,22,인천2호선,인천2
20234,남동구청,남동구청역 인천2호선,남동구청역,I225,126.7366655,37.448176,22,인천2호선,인천2
20235,인천대공원,인천대공원역 인천2호선,인천대공원역,I226,126.7528261,37.4484981,22,인천2호선,인천2
20236,운연(서창),운연(서창)역 인천2호선,운연(서창)역,I227,126.7595937,37.4396638,22,인천2호선,인천2
